Top pages,Clicks,Impressions,CTR,Position
https://thegridnexus.com/,1,72,1.39%,18.38
https://thegridnexus.com/article/nvidia-rtx-5090-benchmarks-leak-2x-performance,1,1,100%,29
https://thegridnexus.com/article/steam-account-takeover-protection-guide-2026,0,292,0%,9.99
https://thegridnexus.com/article/2fa-setup-every-gaming-platform,0,149,0%,20.46
https://thegridnexus.com/article/game-key-reseller-scams-g2a-cdkeys,0,105,0%,17.41
https://thegridnexus.com/article/minecraft-server-security-guide,0,64,0%,34.98
https://thegridnexus.com/article/gaming-pc-security-hardening-guide,0,58,0%,13.88
https://thegridnexus.com/article/fake-game-cheats-malware-account-stealer,0,39,0%,12.85
https://thegridnexus.com/article/gaming-pc-antivirus-best-2026,0,38,0%,49.53
https://thegridnexus.com/article/what-gamers-think-about-security-sentiment-analysis-2026,0,34,0%,10.85
https://thegridnexus.com/article/steam-controller-security-risks-gamers,0,32,0%,7.69
https://thegridnexus.com/article/razer-synapse-security-vulnerability-fix,0,19,0%,10.37
https://thegridnexus.com/article/nintendo-switch-2-security-guide,0,16,0%,13.19
https://thegridnexus.com/security/gaming-pc-security-hardening-guide,0,14,0%,5.29
https://thegridnexus.com/article/roblox-parents-guide-account-security-safety,0,13,0%,8
https://thegridnexus.com/topics,0,12,0%,2.25
https://thegridnexus.com/terms,0,12,0%,3.92
https://thegridnexus.com/blog,0,12,0%,4.08
https://thegridnexus.com/article/gaming-headset-malware-privacy-guide,0,11,0%,7.73
https://thegridnexus.com/article/vpn-gaming-security-latency-test-2026,0,6,0%,10.83
https://thegridnexus.com/article/ai-basics,0,5,0%,3.4
https://thegridnexus.com/tools/release-predictor,0,5,0%,5.6
https://thegridnexus.com/gaming,0,5,0%,7.4
https://thegridnexus.com/article/twitch-streamer-security-guide-doxxing-swatting,0,4,0%,30.75
https://thegridnexus.com/article/bitwarden-security-incident-gaming-password-manager,0,3,0%,4.33
https://thegridnexus.com/article/game-1,0,3,0%,4.33
https://thegridnexus.com/article/router-security-gamers-network-protection,0,3,0%,12.67
https://thegridnexus.com/tools/community-moderator,0,2,0%,2
https://thegridnexus.com/tools/patch-risk-tracker,0,2,0%,2.5
https://thegridnexus.com/topics?q=esports,0,2,0%,4
https://thegridnexus.com/article/asus-supplier-firmware-breach-hardware-backdoor,0,2,0%,5
https://thegridnexus.com/article/threat-intelligence-proactive-defense-stix-taxii-2026,0,2,0%,5
https://thegridnexus.com/article/gmail-hack-attacks-surge-gamers-2fa-2026,0,2,0%,7.5
https://thegridnexus.com/article/nioh-3-release-ps5-2026,0,2,0%,7.5
https://thegridnexus.com/explore,0,1,0%,1
https://thegridnexus.com/security,0,1,0%,1
https://thegridnexus.com/security-profile,0,1,0%,1
https://thegridnexus.com/tech,0,1,0%,1
https://thegridnexus.com/tech?filter=innovations,0,1,0%,3
https://thegridnexus.com/tools/pc-builder,0,1,0%,3
https://thegridnexus.com/article/6g-networks-prototype-trials-2024,0,1,0%,5
https://thegridnexus.com/article/tech-1,0,1,0%,5
https://thegridnexus.com/article/chrome-zero-day-warning-gamers-april-2026,0,1,0%,8
https://thegridnexus.com/article/sim-swapping-gaming-accounts-protection,0,1,0%,8
https://thegridnexus.com/article/xbox-rebrand-security-changes-gamers,0,1,0%,8
https://thegridnexus.com/gaming/xbox-rebrand-security-changes-gamers,0,1,0%,9
https://thegridnexus.com/tools/steam-scanner,0,1,0%,9
https://thegridnexus.com/article/discord-malware-gamers-how-to-stay-safe,0,1,0%,10
https://thegridnexus.com/gaming/ps5-pro-announced-specs-price-2024,0,1,0%,14