Top queries,Clicks,Impressions,CTR,Position
g2a stolen keys,0,16,0%,23.81
steam account recovery process 2026,0,9,0%,9.56
steam account hacked recovery process 2026,0,9,0%,13
steam support hacked account recovery process 2026,0,6,0%,8.83
antivirus for gaming pc,0,6,0%,62.83
nexus grider,0,6,0%,80.5
steam account recovery time 2026,0,5,0%,9.6
gridnexus,0,4,0%,6.5
steam account recovery steps 2026,0,4,0%,8.5
steam account hacked what to do 2026,0,4,0%,8.75
steam account hacked recovery time 2026,0,4,0%,12.25
steam account hacked email changed how to recover 2026,0,4,0%,13
g2a hack,0,4,0%,20
steam account security best practices 2026,0,3,0%,5
steam support account recovery time 2026,0,3,0%,10
minecraft server security,0,3,0%,50.67
antivirus pc gamer,0,3,0%,52.67
ddos protection minecraft servers,0,3,0%,61
steam account recovery 2026,0,2,0%,6.5
steam support hacked account recovery time 2026,0,2,0%,6.5
steam account hacked recovery steps 2026,0,2,0%,7.5
steam account recovery process 2025 or 2026,0,2,0%,10
steam account stolen recovery process 2026,0,2,0%,13
fake cheats,0,2,0%,26.5
minecraft server security risks,0,2,0%,29.5
what authenticator does epic games use,0,2,0%,59
minecraft ddos protection,0,2,0%,62
gaming security,0,2,0%,70.5
how to get 2fa on xbox,0,2,0%,71
best antivirus for gaming computer,0,2,0%,74
best antivirus for gaming computers,0,2,0%,75
gaming digital authentication,0,2,0%,82.5
2 factor authentication epic games,0,2,0%,87
grid nexus,0,1,0%,5
roblox account safety never share password official,0,1,0%,11
switch 2 security,0,1,0%,12
epic games backup codes,0,1,0%,19
nintendo switch security,0,1,0%,26
pc games protection,0,1,0%,26
block router gaming,0,1,0%,27
gray market games,0,1,0%,28
g2a cheat tool elden ring,0,1,0%,29
no compromise gaming lock software,0,1,0%,29
how to protect minecraft server from hackers,0,1,0%,36
enforce-secure-profile,0,1,0%,38
2fa game,0,1,0%,40
g2a scandal,0,1,0%,40
how to prevent getting swatted on twitch,0,1,0%,42
minecraft server vulnerabilities,0,1,0%,42
grey market video games,0,1,0%,44
ddosing a minecraft server,0,1,0%,45
enforce secure profile minecraft,0,1,0%,47
password protect minecraft server,0,1,0%,47
minecraft enforce-secure-profile,0,1,0%,48
minecraft ddos protection plugin,0,1,0%,49
two factor authentication rocket league,0,1,0%,49
how do you get 2fa on xbox,0,1,0%,51
rocket league 2fa,0,1,0%,52
secure minecraft server,0,1,0%,53
secure booster access minecraft,0,1,0%,58
how to secure minecraft server,0,1,0%,59
minecraft ddoser,0,1,0%,60
minecraft server ddos protection,0,1,0%,60
pc hardening,0,1,0%,70
gaming antivirus,0,1,0%,73
how to ddos a server minecraft,0,1,0%,74
what is the best antivirus for gaming,0,1,0%,74
antivirus for gaming,0,1,0%,75
epic games how to enable 2fa,0,1,0%,77
best antivirus for pc gaming,0,1,0%,78
best antivirus software gaming pc,0,1,0%,78
gridsec,0,1,0%,78
how to enable 2fa epic games,0,1,0%,78
best antivirus for gaming pc,0,1,0%,80
how to enable 2fa on xbox,0,1,0%,84
hardening pc,0,1,0%,89
how to prevent monetization leaks in gaming apps,0,1,0%,90
security solution for gaming,0,1,0%,96